id,network
1,brian_nest
2,brian_nest
3,brian_nest
4,brian_nest
5,brian_nest
6,brian_nest
7,brian_nest
8,brian_nest
9,brian_nest
10,brian_nest
11,brian_nest
12,brian_nest
13,brian_nest
14,brian_nest
15,brian_nest
16,brian_nest
17,brian_nest
18,brian_nest
19,brian_nest
20,brian_nest
21,brian_nest
22,brian_nest
23,brian_nest
24,brian_nest
25,brian_nest
26,brian_nest
27,brian_nest
28,brian_nest
29,brian_nest
30,brian_nest
31,brian_nest
32,brian_nest
33,brian_nest
34,brian_nest
35,brian_nest
36,brian_nest
37,brian_nest
38,brian_nest
39,brian_nest
40,brian_nest